<?xml version="1.0" encoding="UTF-8"?>
<project-private xmlns="http://www.netbeans.org/ns/project-private/1">
    <editor-bookmarks xmlns="http://www.netbeans.org/ns/editor-bookmarks/2" lastBookmarkId="0"/>
    <open-files xmlns="http://www.netbeans.org/ns/projectui-open-files/2">
        <group>
            <file>file:/E:/clinica-medica-foa/clinica-medica-foa-master/clinicaMedicaFoa/src/Persistencia/perConsulta.java</file>
            <file>file:/E:/clinica-medica-foa/clinica-medica-foa-master/clinicaMedicaFoa/src/Persistencia/perHorario.java</file>
            <file>file:/E:/clinica-medica-foa/clinica-medica-foa-master/clinicaMedicaFoa/src/Persistencia/perCliente.java</file>
            <file>file:/E:/clinica-medica-foa/clinica-medica-foa-master/clinicaMedicaFoa/src/Lib/dbClinica.sql</file>
            <file>file:/E:/clinica-medica-foa/clinica-medica-foa-master/clinicaMedicaFoa/src/Persistencia/perMedico.java</file>
            <file>file:/E:/clinica-medica-foa/clinica-medica-foa-master/clinicaMedicaFoa/src/Controle/Consulta.java</file>
        </group>
    </open-files>
</project-private>
